{"cameraMode":{"drawMode":0,"name":"Shaded","section":"Shading Mode"},"sceneLighting":false,"audioPlay":false,"sceneViewState":{"m_AlwaysRefresh":false,"showFog":false,"showSkybox":false,"showFlares":false,"showImageEffects":false,"showParticleSystems":false,"showVisualEffectGraphs":true,"m_FxEnabled":true},"in2DMode":false,"pivot":{"x":-0.06411242485046387,"y":1.4003145694732667,"z":0.13340294361114503},"rotation":{"x":0.005628173239529133,"y":-0.9918533563613892,"z":0.11840243637561798,"w":0.04762927070260048},"size":0.90739506483078,"orthographic":false}