{"cameraMode":{"drawMode":0,"name":"Shaded","section":"Shading Mode"},"sceneLighting":true,"audioPlay":false,"sceneViewState":{"m_AlwaysRefresh":false,"showFog":true,"showSkybox":true,"showFlares":true,"showImageEffects":true,"showParticleSystems":true,"showVisualEffectGraphs":true,"m_FxEnabled":true},"in2DMode":false,"pivot":{"x":1.1537771224975587,"y":-1.5248603820800782,"z":-2.2630319595336916},"rotation":{"x":0.14548878371715547,"y":-0.8367266654968262,"z":0.26738619804382326,"w":0.4552459418773651},"size":4.878196716308594,"orthographic":false}