{"cameraMode":{"drawMode":0,"name":"Shaded","section":"Shading Mode"},"sceneLighting":true,"audioPlay":false,"sceneViewState":{"m_AlwaysRefresh":false,"showFog":true,"showSkybox":true,"showFlares":true,"showImageEffects":true,"showParticleSystems":true,"showVisualEffectGraphs":true,"m_FxEnabled":true},"in2DMode":false,"pivot":{"x":1.5673680305480958,"y":-1.9600908756256104,"z":-2.6334803104400636},"rotation":{"x":0.036290913820266727,"y":-0.9441784620285034,"z":0.3079839050769806,"w":0.11125242710113526},"size":4.6355156898498539,"orthographic":false}