{"cameraMode":{"drawMode":0,"name":"Shaded","section":"Shading Mode"},"sceneLighting":false,"audioPlay":false,"sceneViewState":{"m_AlwaysRefresh":false,"showFog":false,"showSkybox":false,"showFlares":false,"showImageEffects":false,"showParticleSystems":false,"showVisualEffectGraphs":true,"m_FxEnabled":true},"in2DMode":false,"pivot":{"x":0.8759946823120117,"y":1.2071210145950318,"z":-1.2689077854156495},"rotation":{"x":-0.0226755291223526,"y":0.9481590986251831,"z":0.06952040642499924,"w":0.30927327275276186},"size":1.9837045669555665,"orthographic":false}