{"cameraMode":{"drawMode":0,"name":"Shaded","section":"Shading Mode"},"sceneLighting":false,"audioPlay":false,"sceneViewState":{"m_AlwaysRefresh":false,"showFog":true,"showSkybox":false,"showFlares":true,"showImageEffects":true,"showParticleSystems":true,"showVisualEffectGraphs":true,"m_FxEnabled":true},"in2DMode":false,"pivot":{"x":-0.7077588438987732,"y":0.7247536182403565,"z":0.19322657585144044},"rotation":{"x":0.03845636174082756,"y":0.9482155442237854,"z":-0.2889697551727295,"w":0.12618578970432282},"size":1.7315707206726075,"orthographic":false}